ingrediente,categoria_id,unidad_medida,cantidad_unidad,cantidad_compras,tasa_recompra,dias_promedio,tipo_base,cantidad_normalizada,unidad_base,cluster
Jengibre,4,kilogramos,0.72,121,0.578,4,masa,720.0,g,2
Zanahoria,4,kilogramos,4.56,116,0.199,10,masa,4560.0,g,1
Espinaca,1,kilogramos,1.3,116,0.625,5,masa,1300.0,g,2
Pimiento,3,kilogramos,2.86,115,0.672,7,masa,2860.0,g,1
Pimiento,4,kilogramos,1.91,115,0.457,11,masa,1910.0,g,3
Huevo,2,gramos,250.0,114,0.33,2,masa,250.0,g,3
Tomate,4,kilogramos,0.89,114,0.241,9,masa,890.0,g,3
Harina,4,gramos,100.0,114,0.816,8,masa,100.0,g,2
Pimiento,3,kilogramos,0.85,113,0.738,3,masa,850.0,g,2
Lenteja,3,gramos,1000.0,112,0.44,12,masa,1000.0,g,0
Brocoli,4,kilogramos,2.15,111,0.243,10,masa,2150.0,g,3
Harina,4,gramos,250.0,111,0.532,13,masa,250.0,g,3
Lenteja,4,gramos,250.0,111,0.822,5,masa,250.0,g,2
Frijol,1,gramos,100.0,111,0.69,9,masa,100.0,g,2
Lenteja,2,gramos,250.0,109,0.817,10,masa,250.0,g,2
Carne molida,4,kilogramos,4.45,109,0.81,4,masa,4450.0,g,1
Frijol,2,gramos,250.0,109,0.38,6,masa,250.0,g,3
Tomate,1,kilogramos,1.5,109,0.537,10,masa,1500.0,g,3
Cebolla,3,kilogramos,3.07,109,0.888,11,masa,3070.0,g,1
Manzana,1,kilogramos,0.85,108,0.238,9,masa,850.0,g,3
Papa,1,kilogramos,1.38,108,0.548,5,masa,1380.0,g,2
Ajo,2,gramos,250.0,107,0.429,7,masa,250.0,g,3
Cacao,2,gramos,1000.0,107,0.613,12,masa,1000.0,g,0
Pollo,1,kilogramos,1.35,107,0.734,7,masa,1350.0,g,2
Pollo,3,kilogramos,0.42,106,0.701,10,masa,420.0,g,2
Papa,3,kilogramos,3.8,106,0.779,11,masa,3800.0,g,1
Ajo,1,gramos,500.0,106,0.42,19,masa,500.0,g,0
Tomate,3,kilogramos,4.9,106,0.261,7,masa,4900.0,g,1
Atún,4,gramos,500.0,106,0.397,3,masa,500.0,g,0
Pollo,1,kilogramos,4.48,106,0.892,12,masa,4480.0,g,1
Azúcar,2,gramos,100.0,106,0.922,5,masa,100.0,g,2
Huevo,3,kilogramos,2.0,106,0.565,6,masa,2000.0,g,1
Pasta,2,gramos,100.0,106,0.568,4,masa,100.0,g,2
Lenteja,1,gramos,100.0,105,0.815,14,masa,100.0,g,2
Cebolla,1,kilogramos,1.7,105,0.705,4,masa,1700.0,g,2
Manzana,2,kilogramos,3.58,105,0.947,14,masa,3580.0,g,1
Brocoli,3,kilogramos,0.81,105,0.692,9,masa,810.0,g,2
Pasta,4,gramos,100.0,105,0.577,7,masa,100.0,g,2
Pollo,1,kilogramos,3.89,105,0.652,5,masa,3890.0,g,1
Jengibre,4,gramos,1000.0,105,0.781,14,masa,1000.0,g,0
Perejil,2,kilogramos,3.09,105,0.715,1,masa,3090.0,g,1
Limón,2,gramos,1000.0,104,0.466,2,masa,1000.0,g,0
Papa,4,kilogramos,1.76,104,0.398,13,masa,1760.0,g,3
Brocoli,1,kilogramos,3.09,104,0.469,4,masa,3090.0,g,1
Ajo,3,kilogramos,4.19,104,0.761,10,masa,4190.0,g,1
Pollo,1,kilogramos,1.73,104,0.417,11,masa,1730.0,g,3
Huevo,1,gramos,500.0,103,0.733,8,masa,500.0,g,0
Papa,3,kilogramos,2.66,103,0.516,12,masa,2660.0,g,1
Sardina,1,kilogramos,0.29,103,0.655,7,masa,290.0,g,2
Brocoli,2,kilogramos,3.62,103,0.754,11,masa,3620.0,g,1
Ajo,4,gramos,100.0,103,0.655,9,masa,100.0,g,2
Cacao,4,gramos,250.0,103,0.403,10,masa,250.0,g,3
Limón,1,gramos,1000.0,102,0.742,8,masa,1000.0,g,0
Naranja,1,kilogramos,4.22,102,0.197,7,masa,4220.0,g,1
Zanahoria,3,kilogramos,4.17,102,0.308,2,masa,4170.0,g,1
Pollo,3,kilogramos,4.44,101,0.643,9,masa,4440.0,g,1
Pasta,4,gramos,250.0,101,0.835,15,masa,250.0,g,2
Pollo,3,kilogramos,1.67,101,0.569,15,masa,1670.0,g,3
Manzana,1,kilogramos,3.85,101,0.507,7,masa,3850.0,g,1
Lenteja,3,gramos,500.0,101,0.634,12,masa,500.0,g,0
Atún,2,gramos,100.0,101,0.711,15,masa,100.0,g,2
Naranja,4,kilogramos,4.81,101,0.821,14,masa,4810.0,g,1
Harina,3,gramos,500.0,101,0.273,11,masa,500.0,g,0
Huevo,2,kilogramos,1.85,101,0.768,14,masa,1850.0,g,1
Champiñones,1,kilogramos,2.8,101,0.668,5,masa,2800.0,g,1
Frijol,4,gramos,250.0,101,0.682,10,masa,250.0,g,2
Harina,4,gramos,100.0,100,0.252,10,masa,100.0,g,3
Manzana,1,kilogramos,2.24,100,0.82,10,masa,2240.0,g,1
Azúcar,1,kilogramos,2.19,100,0.698,8,masa,2190.0,g,1
Arroz,2,gramos,100.0,100,0.769,15,masa,100.0,g,2
Aceite,4,kilogramos,4.13,100,0.775,7,masa,4130.0,g,1
Manzana,1,kilogramos,1.06,100,0.835,10,masa,1060.0,g,2
Arroz,4,gramos,250.0,100,0.422,6,masa,250.0,g,3
Harina,1,gramos,250.0,99,0.707,5,masa,250.0,g,2
Lenteja,2,gramos,100.0,99,0.428,11,masa,100.0,g,3
Pasta,3,gramos,100.0,99,0.825,12,masa,100.0,g,2
Ajo,3,pieza,12.0,99,0.32,1,unidad,12.0,u,3
Tomate,2,kilogramos,3.64,99,0.701,6,masa,3640.0,g,1
Brocoli,1,kilogramos,3.9,99,0.356,8,masa,3900.0,g,1
Café,3,kilogramos,4.67,99,0.278,7,masa,4670.0,g,1
Café,4,kilogramos,1.4,99,0.22,5,masa,1400.0,g,3
Arroz,3,gramos,1000.0,99,0.768,12,masa,1000.0,g,0
Pollo,1,kilogramos,2.79,98,0.443,10,masa,2790.0,g,1
Espinaca,3,kilogramos,3.2,98,0.636,9,masa,3200.0,g,1
Pasta,3,gramos,250.0,98,0.69,7,masa,250.0,g,2
Frijol,2,gramos,100.0,98,0.584,8,masa,100.0,g,2
Pasta,1,gramos,250.0,98,0.609,14,masa,250.0,g,3
Lechuga,1,kilogramos,3.77,98,0.462,21,masa,3770.0,g,1
Zanahoria,3,kilogramos,0.75,98,0.655,4,masa,750.0,g,2
Lenteja,4,gramos,1000.0,98,0.611,10,masa,1000.0,g,0
Tomate,3,kilogramos,1.23,98,0.675,6,masa,1230.0,g,2
Lenteja,2,gramos,100.0,98,0.644,12,masa,100.0,g,2
Brocoli,3,kilogramos,4.69,98,0.892,14,masa,4690.0,g,1
Pimiento,1,kilogramos,3.47,98,0.947,15,masa,3470.0,g,1
Frijol,1,gramos,100.0,97,0.917,9,masa,100.0,g,2
Cebolla,2,kilogramos,4.95,97,0.246,14,masa,4950.0,g,1
Carne molida,3,kilogramos,1.07,97,0.899,3,masa,1070.0,g,2
Perejil,1,kilogramos,3.46,97,0.864,13,masa,3460.0,g,1
Papa,2,kilogramos,1.05,97,0.697,13,masa,1050.0,g,2
Azúcar,2,gramos,1000.0,97,0.874,6,masa,1000.0,g,0
Lenteja,2,gramos,500.0,97,0.526,12,masa,500.0,g,0
Pasta,2,gramos,250.0,96,0.751,11,masa,250.0,g,2
Naranja,2,kilogramos,4.03,96,0.832,10,masa,4030.000000000001,g,1
Plátano,2,kilogramos,2.96,96,0.986,14,masa,2960.0,g,1
Cacao,3,gramos,100.0,96,0.616,8,masa,100.0,g,2
Azúcar,1,paquete,1.0,96,0.525,11,unidad,1.0,u,3
Lenteja,2,gramos,500.0,96,0.561,17,masa,500.0,g,0
Cebolla,3,kilogramos,2.42,96,0.217,14,masa,2420.0,g,3
Cacao,1,gramos,100.0,96,0.833,16,masa,100.0,g,2
Naranja,4,kilogramos,3.53,96,0.24,6,masa,3530.0,g,1
Azúcar,3,kilogramos,0.8,95,0.618,2,masa,800.0,g,2
Huevo,3,gramos,1000.0,95,0.325,3,masa,1000.0,g,0
Sardina,4,kilogramos,4.2,95,0.358,11,masa,4200.0,g,1
Arroz,4,gramos,100.0,95,0.513,16,masa,100.0,g,3
Manzana,2,kilogramos,4.91,95,0.41,9,masa,4910.0,g,1
Lenteja,4,gramos,100.0,95,0.522,5,masa,100.0,g,2
Champiñones,1,gramos,500.0,95,0.698,6,masa,500.0,g,0
Perejil,3,kilogramos,0.28,95,0.751,1,masa,280.0,g,2
Pollo,1,kilogramos,4.1,94,0.481,3,masa,4100.0,g,1
Café,4,kilogramos,0.45,94,0.791,9,masa,450.0,g,2
Perejil,1,kilogramos,4.27,94,0.649,9,masa,4270.0,g,1
Pimiento,3,kilogramos,3.35,94,0.69,6,masa,3350.0,g,1
Pasta,2,gramos,1000.0,94,0.306,13,masa,1000.0,g,0
Cebolla,1,kilogramos,2.95,94,0.555,5,masa,2950.0,g,1
Cebolla,2,kilogramos,4.17,94,0.493,15,masa,4170.0,g,1
Ajo,1,kilogramos,4.49,94,0.391,19,masa,4490.0,g,1
Plátano,3,gramos,1000.0,94,0.754,5,masa,1000.0,g,0
Jengibre,4,kilogramos,2.35,94,0.253,11,masa,2350.0,g,3
Pimiento,4,kilogramos,2.76,94,0.803,4,masa,2760.0,g,1
Frijol,1,gramos,250.0,94,0.493,1,masa,250.0,g,2
Pimiento,1,kilogramos,4.25,93,0.362,5,masa,4250.0,g,1
Pollo,2,kilogramos,2.44,93,0.514,14,masa,2440.0,g,1
Cebolla,4,kilogramos,1.38,93,0.717,14,masa,1380.0,g,2
Ajo,4,kilogramos,2.59,93,0.05,8,masa,2590.0,g,3
Pollo,4,kilogramos,4.72,93,0.745,4,masa,4720.0,g,1
Tomate,2,kilogramos,1.85,93,0.832,4,masa,1850.0,g,2
Plátano,3,litros,0.26,93,0.163,6,volumen,260.0,ml,3
Zanahoria,3,kilogramos,2.11,93,0.77,17,masa,2110.0,g,1
Papa,4,kilogramos,4.11,93,0.242,5,masa,4110.0,g,1
Jengibre,3,kilogramos,1.2,92,0.531,2,masa,1200.0,g,2
Papa,2,kilogramos,1.32,92,0.958,12,masa,1320.0,g,2
Lenteja,3,gramos,100.0,92,0.472,10,masa,100.0,g,3
Cebolla,4,kilogramos,1.61,92,0.851,14,masa,1610.0,g,2
Naranja,3,kilogramos,3.85,92,0.811,9,masa,3850.0,g,1
Lenteja,3,gramos,250.0,92,0.67,13,masa,250.0,g,2
Pimiento,4,kilogramos,4.87,92,0.889,13,masa,4870.0,g,1
Lechuga,4,kilogramos,4.97,92,0.843,10,masa,4970.0,g,1
Frijol,3,gramos,500.0,92,0.396,8,masa,500.0,g,0
Frijol,4,gramos,100.0,92,0.832,5,masa,100.0,g,2
Tomate,3,kilogramos,3.92,92,0.457,13,masa,3920.0,g,1
Jengibre,4,gramos,250.0,91,0.837,11,masa,250.0,g,2
Papa,2,kilogramos,1.12,91,0.74,12,masa,1120.0,g,2
Azúcar,3,gramos,250.0,91,0.634,10,masa,250.0,g,2
Brocoli,2,kilogramos,4.29,91,0.637,7,masa,4290.0,g,1
Brocoli,4,kilogramos,2.58,91,0.784,11,masa,2580.0,g,1
Papa,4,kilogramos,2.26,91,0.474,11,masa,2260.0,g,1
Frijol,2,gramos,500.0,91,0.478,9,masa,500.0,g,0
Arroz,1,gramos,500.0,91,0.653,11,masa,500.0,g,0
Ajo,3,kilogramos,1.83,91,0.462,7,masa,1830.0,g,1
Espinaca,4,kilogramos,4.32,91,0.717,14,masa,4320.0,g,1
Frijol,1,gramos,500.0,91,0.688,12,masa,500.0,g,0
Pasta,1,gramos,250.0,91,0.368,10,masa,250.0,g,3
Huevo,2,gramos,500.0,90,0.775,15,masa,500.0,g,0
Brocoli,2,kilogramos,3.78,90,0.422,5,masa,3780.0,g,1
Café,4,kilogramos,4.05,90,0.611,14,masa,4050.0,g,1
Champiñones,4,gramos,250.0,90,0.328,9,masa,250.0,g,3
Limón,3,gramos,100.0,90,0.558,11,masa,100.0,g,3
Plátano,2,gramos,100.0,90,0.553,9,masa,100.0,g,3
Sardina,2,kilogramos,4.83,90,0.397,11,masa,4830.0,g,1
Brocoli,1,kilogramos,3.09,90,0.51,14,masa,3090.0,g,1
Pimiento,1,kilogramos,3.21,90,0.278,11,masa,3210.0,g,1
Harina,1,gramos,1000.0,89,0.789,13,masa,1000.0,g,0
Lechuga,1,kilogramos,4.62,89,0.7,8,masa,4620.0,g,1
Sardina,4,kilogramos,3.55,89,0.8,9,masa,3550.0,g,1
Aceite,4,kilogramos,3.24,89,0.711,17,masa,3240.0,g,1
Cacao,2,gramos,100.0,89,0.831,6,masa,100.0,g,2
Lechuga,4,kilogramos,4.68,89,0.619,14,masa,4680.0,g,1
Cacao,1,gramos,250.0,89,0.561,14,masa,250.0,g,3
Zanahoria,4,kilogramos,0.97,89,0.737,11,masa,970.0,g,2
Arroz,3,gramos,100.0,89,0.36,12,masa,100.0,g,3
Cacao,1,gramos,250.0,89,0.603,13,masa,250.0,g,3
Manzana,2,kilogramos,1.58,89,0.824,19,masa,1580.0,g,1
Cacao,3,gramos,100.0,89,0.565,11,masa,100.0,g,3
Zanahoria,3,kilogramos,0.63,89,0.905,10,masa,630.0,g,2
Manzana,1,kilogramos,4.49,89,0.801,8,masa,4490.0,g,1
Pimiento,1,kilogramos,2.76,88,0.906,9,masa,2760.0,g,1
Cebolla,2,kilogramos,1.45,88,0.708,8,masa,1450.0,g,2
Ajo,4,gramos,500.0,88,0.569,10,masa,500.0,g,0
Limón,1,gramos,100.0,88,0.664,8,masa,100.0,g,2
Espinaca,2,kilogramos,0.48,88,0.498,13,masa,480.0,g,3
Sardina,1,kilogramos,3.9,88,0.779,9,masa,3900.0,g,1
Jengibre,3,kilogramos,1.12,88,0.523,16,masa,1120.0,g,3
Pimiento,1,kilogramos,0.49,88,0.58,13,masa,490.0,g,3
Atún,3,kilogramos,1.94,88,0.563,17,masa,1940.0,g,1
Harina,3,gramos,100.0,88,0.498,19,masa,100.0,g,3
Sardina,2,kilogramos,3.22,88,0.732,12,masa,3220.0,g,1
Frijol,2,gramos,1000.0,88,0.29,14,masa,1000.0,g,0
Lechuga,2,kilogramos,1.62,87,0.582,11,masa,1620.0,g,1
Cebolla,2,kilogramos,0.53,87,0.971,9,masa,530.0,g,2
Sardina,2,kilogramos,2.21,87,0.805,9,masa,2210.0,g,1
Ajo,1,gramos,100.0,87,0.164,11,masa,100.0,g,3
Plátano,1,kilogramos,1.73,87,0.886,12,masa,1730.0,g,2
Zanahoria,4,kilogramos,2.1,87,0.659,14,masa,2100.0,g,1
Cacao,1,gramos,250.0,87,0.646,10,masa,250.0,g,2
Sardina,1,kilogramos,4.48,87,0.394,13,masa,4480.0,g,1
Sardina,4,kilogramos,4.14,87,0.764,13,masa,4140.0,g,1
Lechuga,2,kilogramos,3.47,87,0.344,4,masa,3470.0,g,1
Plátano,4,kilogramos,4.9,87,0.963,15,masa,4900.0,g,1
Plátano,4,litros,2.83,87,0.44,15,volumen,2830.0,ml,3
Cacao,2,gramos,1000.0,87,0.484,10,masa,1000.0,g,0
Plátano,1,kilogramos,1.72,87,0.442,8,masa,1720.0,g,3
Tomate,2,kilogramos,0.92,86,0.314,10,masa,920.0,g,3
Espinaca,2,kilogramos,3.73,86,0.643,14,masa,3730.0,g,1
Frijol,1,gramos,1000.0,86,0.555,14,masa,1000.0,g,0
Naranja,2,kilogramos,2.61,86,0.626,9,masa,2610.0,g,1
Zanahoria,3,kilogramos,0.6,86,0.707,10,masa,600.0,g,2
Brocoli,3,kilogramos,3.22,86,0.864,11,masa,3220.0,g,1
Cacao,1,gramos,500.0,86,0.821,9,masa,500.0,g,0
Café,1,gramos,500.0,86,0.795,11,masa,500.0,g,0
Harina,2,gramos,1000.0,86,0.634,7,masa,1000.0,g,0
Manzana,2,kilogramos,1.45,86,0.554,9,masa,1450.0,g,3
Pimiento,1,kilogramos,3.56,86,0.664,12,masa,3560.0,g,1
Café,3,litros,2.31,86,0.622,5,volumen,2310.0,ml,2
Cacao,4,gramos,1000.0,86,0.187,12,masa,1000.0,g,0
Pollo,2,kilogramos,1.98,86,0.917,11,masa,1980.0,g,2
Pimiento,4,kilogramos,3.4,86,0.457,6,masa,3400.0,g,1
Pan,4,paquete,2.0,86,0.279,17,unidad,2.0,u,3
Lenteja,3,gramos,500.0,85,0.634,4,masa,500.0,g,0
Lenteja,1,gramos,250.0,85,0.755,13,masa,250.0,g,2
Arroz,3,gramos,500.0,85,0.787,14,masa,500.0,g,0
Yogur,3,litros,2.23,85,0.57,9,volumen,2230.0,ml,1
Pimiento,2,kilogramos,1.78,85,0.546,14,masa,1780.0,g,1
Azúcar,1,gramos,1000.0,85,0.667,7,masa,1000.0,g,0
Huevo,4,paquete,5.0,85,0.709,13,unidad,5.0,u,2
Champiñones,2,paquete,3.0,85,0.576,9,unidad,3.0,u,3
Pasta,2,gramos,250.0,85,0.578,8,masa,250.0,g,2
Harina,3,gramos,1000.0,84,0.853,10,masa,1000.0,g,0
Champiñones,4,pieza,1.0,84,0.748,9,unidad,1.0,u,2
Espinaca,4,kilogramos,1.29,84,0.715,8,masa,1290.0,g,2
Pimiento,2,kilogramos,1.62,84,0.725,11,masa,1620.0,g,2
Carne molida,3,kilogramos,1.09,84,0.85,8,masa,1090.0,g,2
Champiñones,4,gramos,500.0,84,0.441,19,masa,500.0,g,0
Cebolla,2,kilogramos,4.15,84,0.738,1,masa,4150.0,g,1
Atún,4,gramos,100.0,84,0.834,5,masa,100.0,g,2
Lenteja,3,gramos,100.0,84,0.17,10,masa,100.0,g,3
Lenteja,3,gramos,1000.0,84,0.946,12,masa,1000.0,g,0
Mantequilla,4,litros,1.03,84,0.346,11,volumen,1030.0,ml,3
Sardina,3,kilogramos,3.71,84,0.624,9,masa,3710.0,g,1
Lenteja,4,gramos,500.0,84,0.583,16,masa,500.0,g,0
Pimiento,4,kilogramos,1.03,84,0.331,6,masa,1030.0,g,3
Harina,3,gramos,500.0,84,0.728,8,masa,500.0,g,0
Sardina,3,kilogramos,1.81,83,0.819,13,masa,1810.0,g,2
Leche,2,litros,1.43,83,0.48,8,volumen,1430.0,ml,3
Espinaca,1,kilogramos,2.57,83,0.843,12,masa,2570.0,g,1
Espinaca,2,kilogramos,3.24,83,0.548,2,masa,3240.0,g,1
Limón,2,gramos,1000.0,83,0.652,12,masa,1000.0,g,0
Café,1,gramos,100.0,83,0.629,11,masa,100.0,g,2
Espinaca,4,kilogramos,2.96,83,0.849,9,masa,2960.0,g,1
Pan,2,paquete,2.0,83,0.512,11,unidad,2.0,u,3
Pimiento,4,kilogramos,2.19,83,0.657,11,masa,2190.0,g,1
Cebolla,2,kilogramos,3.11,82,0.485,11,masa,3110.0,g,1
Arroz,4,gramos,500.0,82,0.601,13,masa,500.0,g,0
Arroz,1,gramos,250.0,82,0.731,8,masa,250.0,g,2
Zanahoria,2,kilogramos,3.1,82,0.681,12,masa,3100.0,g,1
Café,3,gramos,500.0,82,0.29,11,masa,500.0,g,0
Pan,4,paquete,1.0,82,0.83,8,unidad,1.0,u,2
Cacao,2,gramos,500.0,82,0.442,12,masa,500.0,g,0
Ajo,1,pieza,6.0,82,0.963,11,unidad,6.0,u,2
Café,4,gramos,250.0,82,0.396,9,masa,250.0,g,3
Mantequilla,4,litros,1.08,82,0.88,5,volumen,1080.0,ml,2
Perejil,1,kilogramos,1.92,82,0.641,2,masa,1920.0,g,2
Pollo,3,kilogramos,2.32,82,0.39,13,masa,2320.0,g,3
Pollo,2,kilogramos,3.85,82,0.935,8,masa,3850.0,g,1
Champiñones,1,pieza,6.0,81,0.333,14,unidad,6.0,u,3
Aceite,4,litros,2.03,81,0.212,12,volumen,2030.0,ml,3
Pasta,1,gramos,100.0,81,0.803,13,masa,100.0,g,2
Harina,4,gramos,100.0,81,0.628,15,masa,100.0,g,3
Frijol,2,gramos,250.0,81,0.601,16,masa,250.0,g,3
Huevo,4,paquete,1.0,81,0.244,12,unidad,1.0,u,3
Espinaca,3,kilogramos,0.57,81,0.798,4,masa,570.0,g,2
Arroz,2,gramos,100.0,81,0.558,12,masa,100.0,g,3
Leche,2,litros,1.99,81,0.427,18,volumen,1990.0,ml,3
Queso,3,litros,1.01,81,0.823,11,volumen,1010.0,ml,2
Lechuga,1,kilogramos,2.34,80,0.678,6,masa,2340.0,g,1
Huevo,2,litros,1.94,80,0.564,12,volumen,1940.0,ml,3
Huevo,1,pieza,1.0,80,0.668,9,unidad,1.0,u,2
Pollo,1,kilogramos,4.37,80,0.442,9,masa,4370.0,g,1
Tomate,4,kilogramos,1.97,80,0.799,8,masa,1970.0,g,2
Arroz,1,gramos,250.0,80,0.948,2,masa,250.0,g,2
Pimiento,4,kilogramos,4.86,80,0.51,8,masa,4860.0,g,1
Lenteja,4,gramos,250.0,80,0.365,11,masa,250.0,g,3
Pasta,4,gramos,250.0,80,0.725,12,masa,250.0,g,2
Espinaca,4,kilogramos,2.56,80,0.321,19,masa,2560.0,g,3
Tomate,2,kilogramos,3.13,80,0.705,11,masa,3130.0,g,1
Espinaca,2,kilogramos,1.99,80,0.677,11,masa,1990.0,g,1
Pimiento,1,kilogramos,0.84,80,0.697,9,masa,840.0,g,2
Harina,4,gramos,500.0,80,0.597,1,masa,500.0,g,0
Cacao,1,gramos,250.0,80,0.692,12,masa,250.0,g,2
Pan,2,paquete,2.0,79,0.863,6,unidad,2.0,u,2
Champiñones,3,litros,2.02,79,0.729,7,volumen,2020.0,ml,2
Plátano,1,litros,2.62,79,0.5,14,volumen,2620.0,ml,1
Leche,2,litros,1.93,79,0.695,4,volumen,1930.0,ml,2
Espinaca,2,kilogramos,0.69,79,0.399,12,masa,690.0,g,3
Manzana,4,kilogramos,2.99,79,0.624,9,masa,2990.0,g,1
Brocoli,1,kilogramos,0.86,79,0.672,13,masa,860.0,g,2
Ajo,1,kilogramos,3.82,79,0.175,8,masa,3820.0,g,1
Tomate,1,kilogramos,2.72,78,0.63,9,masa,2720.0,g,1
Pollo,2,kilogramos,4.59,78,0.641,10,masa,4590.0,g,1
Papa,4,kilogramos,2.16,78,0.858,16,masa,2160.0,g,1
Atún,4,kilogramos,3.29,78,0.545,14,masa,3290.0,g,1
Naranja,1,kilogramos,3.61,78,0.754,5,masa,3610.0,g,1
Yogur,2,litros,0.56,78,0.182,10,volumen,560.0,ml,3
Papa,4,kilogramos,2.14,78,0.523,13,masa,2140.0,g,1
Harina,2,gramos,100.0,78,0.443,7,masa,100.0,g,3
Naranja,2,kilogramos,4.62,78,0.952,9,masa,4620.0,g,1
Jengibre,3,paquete,3.0,78,0.375,4,unidad,3.0,u,3
Huevo,3,litros,1.48,78,0.422,11,volumen,1480.0,ml,3
Mantequilla,4,litros,1.1,78,0.662,11,volumen,1100.0,ml,2
Leche,4,litros,2.75,78,0.54,11,volumen,2750.0,ml,1
Espinaca,2,kilogramos,3.6,77,0.765,8,masa,3600.0,g,1
Pollo,1,kilogramos,2.38,77,0.355,9,masa,2380.0,g,1
Pan,1,paquete,2.0,77,0.763,13,unidad,2.0,u,2
Huevo,3,litros,2.62,77,0.379,11,volumen,2620.0,ml,3
Jengibre,2,kilogramos,0.27,77,0.713,18,masa,270.0,g,3
Pollo,3,kilogramos,4.37,77,0.515,14,masa,4370.0,g,1
Zanahoria,3,kilogramos,0.86,77,0.825,2,masa,860.0,g,2
Pollo,4,kilogramos,0.75,77,0.562,5,masa,750.0,g,2
Carne molida,2,kilogramos,1.13,77,0.932,12,masa,1130.0,g,2
Cebolla,3,kilogramos,3.35,77,0.375,5,masa,3350.0,g,1
Atún,4,litros,1.5,76,0.806,16,volumen,1500.0,ml,2
Champiñones,4,pieza,6.0,76,0.265,10,unidad,6.0,u,3
Atún,4,pieza,1.0,76,0.756,13,unidad,1.0,u,2
Cacao,3,gramos,250.0,76,0.334,10,masa,250.0,g,3
Queso,1,litros,0.35,76,0.275,12,volumen,350.0,ml,3
Champiñones,3,litros,0.64,76,0.614,9,volumen,640.0,ml,2
Queso,2,litros,1.7,76,0.441,8,volumen,1700.0,ml,3
Ajo,1,gramos,100.0,76,0.967,7,masa,100.0,g,2
Mantequilla,2,litros,2.28,76,0.289,10,volumen,2280.0,ml,3
Jengibre,2,kilogramos,3.33,76,0.759,16,masa,3330.0,g,1
Plátano,3,paquete,2.0,76,0.267,13,unidad,2.0,u,3
Pollo,2,kilogramos,2.1,76,0.756,7,masa,2100.0,g,2
Tomate,1,kilogramos,3.79,76,0.509,8,masa,3790.0,g,1
Atún,4,pieza,12.0,76,0.889,12,unidad,12.0,u,2
Carne molida,4,kilogramos,4.34,76,0.285,4,masa,4340.0,g,1
Pimiento,1,kilogramos,4.47,76,0.566,10,masa,4470.0,g,1
Pan,1,paquete,1.0,76,0.258,14,unidad,1.0,u,3
Pollo,3,kilogramos,4.0,75,0.702,8,masa,4000.0,g,1
Manzana,4,kilogramos,4.75,75,0.422,8,masa,4750.0,g,1
Carne molida,2,kilogramos,4.35,75,0.857,12,masa,4350.0,g,1
Pollo,2,kilogramos,1.8,75,0.704,7,masa,1800.0,g,2
Harina,4,gramos,250.0,75,0.207,1,masa,250.0,g,3
Ajo,4,litros,1.35,75,0.373,4,volumen,1350.0,ml,3
Champiñones,3,kilogramos,2.04,75,0.688,11,masa,2040.0,g,1
Tomate,3,kilogramos,3.27,75,0.316,6,masa,3270.0,g,1
Yogur,4,litros,0.79,75,0.907,8,volumen,790.0,ml,2
Pan,3,paquete,3.0,75,0.714,4,unidad,3.0,u,2
Limón,2,paquete,2.0,75,0.817,6,unidad,2.0,u,2
Pan,3,paquete,5.0,74,0.768,8,unidad,5.0,u,2
Limón,3,litros,0.47,74,0.818,10,volumen,470.0,ml,2
Naranja,1,kilogramos,4.65,74,0.515,13,masa,4650.0,g,1
Pasta,4,gramos,250.0,74,0.492,18,masa,250.0,g,3
Aceite,3,gramos,1000.0,74,0.983,12,masa,1000.0,g,0
Queso,3,litros,2.5,73,0.85,8,volumen,2500.0,ml,2
Lenteja,4,gramos,250.0,73,0.512,5,masa,250.0,g,2
Plátano,1,pieza,1.0,73,0.472,6,unidad,1.0,u,3
Leche,1,litros,2.29,73,0.131,10,volumen,2290.0,ml,3
Mantequilla,2,litros,2.59,73,0.363,4,volumen,2590.0,ml,3
Aceite,1,paquete,3.0,73,0.752,3,unidad,3.0,u,2
Azúcar,1,litros,2.92,73,0.616,11,volumen,2920.0,ml,1
Queso,1,litros,1.48,73,0.811,11,volumen,1480.0,ml,2
Plátano,4,pieza,12.0,72,0.72,17,unidad,12.0,u,3
Yogur,2,litros,0.43,72,0.336,12,volumen,430.0,ml,3
Sardina,1,kilogramos,2.09,72,0.737,5,masa,2090.0,g,2
Pasta,3,gramos,1000.0,72,0.819,8,masa,1000.0,g,0
Yogur,4,litros,0.27,72,0.504,4,volumen,270.0,ml,2
Atún,1,kilogramos,2.47,72,0.775,12,masa,2470.0,g,1
Pasta,2,gramos,1000.0,72,0.829,13,masa,1000.0,g,0
Tomate,3,kilogramos,4.67,72,0.126,16,masa,4670.0,g,1
Pollo,2,kilogramos,4.51,72,0.492,8,masa,4510.0,g,1
Lechuga,2,kilogramos,2.66,72,0.262,11,masa,2660.0,g,3
Arroz,3,gramos,1000.0,72,0.756,11,masa,1000.0,g,0
Perejil,3,paquete,5.0,72,0.383,8,unidad,5.0,u,3
Manzana,4,kilogramos,3.13,71,0.548,11,masa,3130.0,g,1
Plátano,4,litros,1.6,71,0.65,10,volumen,1600.0,ml,2
Jengibre,2,pieza,12.0,71,0.78,15,unidad,12.0,u,2
Limón,4,paquete,1.0,71,0.478,13,unidad,1.0,u,3
Pan,4,paquete,1.0,71,0.613,9,unidad,1.0,u,2
Huevo,4,litros,0.69,71,0.588,7,volumen,690.0,ml,2
Queso,1,litros,2.34,71,0.458,12,volumen,2340.0,ml,3
Atún,2,pieza,1.0,71,0.417,11,unidad,1.0,u,3
Plátano,4,litros,1.31,71,0.651,10,volumen,1310.0,ml,2
Manzana,2,kilogramos,2.72,71,0.665,11,masa,2720.0,g,1
Jengibre,1,paquete,2.0,71,0.477,9,unidad,2.0,u,3
Manzana,2,kilogramos,0.53,70,0.825,14,masa,530.0,g,2
Champiñones,2,paquete,5.0,70,0.38,11,unidad,5.0,u,3
Queso,2,litros,2.23,70,0.814,14,volumen,2230.0,ml,2
Pan,4,paquete,1.0,70,0.777,9,unidad,1.0,u,2
Aceite,4,paquete,5.0,70,0.168,9,unidad,5.0,u,3
Queso,1,litros,2.81,70,0.694,9,volumen,2810.0,ml,1
Yogur,2,litros,0.28,70,0.818,17,volumen,280.0,ml,2
Perejil,4,pieza,6.0,70,0.211,9,unidad,6.0,u,3
Mantequilla,2,litros,0.45,70,0.254,6,volumen,450.0,ml,3
Mantequilla,3,litros,1.67,70,0.585,12,volumen,1670.0,ml,3
Leche,4,litros,2.18,70,0.816,10,volumen,2180.0,ml,2
Huevo,2,litros,1.84,69,0.811,5,volumen,1840.0,ml,2
Jengibre,2,pieza,1.0,69,0.697,7,unidad,1.0,u,2
Pan,1,paquete,1.0,69,0.552,8,unidad,1.0,u,3
Azúcar,1,litros,2.4,69,0.618,15,volumen,2400.0,ml,1
Limón,3,pieza,12.0,69,0.942,10,unidad,12.0,u,2
Cacao,4,gramos,1000.0,69,0.925,12,masa,1000.0,g,0
Leche,1,litros,2.03,69,0.855,5,volumen,2030.0,ml,2
Lechuga,3,kilogramos,4.37,69,0.76,10,masa,4370.0,g,1
Limón,3,paquete,3.0,69,0.6,13,unidad,3.0,u,3
Mantequilla,3,litros,2.11,69,0.915,13,volumen,2110.0,ml,2
Queso,2,litros,2.15,69,0.601,12,volumen,2150.0,ml,1
Ajo,2,gramos,500.0,69,0.718,12,masa,500.0,g,0
Perejil,3,paquete,2.0,69,0.357,12,unidad,2.0,u,3
Yogur,4,litros,2.59,69,0.824,9,volumen,2590.0,ml,2
Espinaca,3,kilogramos,1.19,68,0.661,4,masa,1190.0,g,2
Mantequilla,1,litros,0.37,68,0.964,8,volumen,370.0,ml,2
Queso,1,litros,1.59,68,0.771,12,volumen,1590.0,ml,2
Queso,2,litros,0.4,68,0.746,6,volumen,400.0,ml,2
Aceite,1,litros,0.63,68,0.668,3,volumen,630.0,ml,2
Café,1,paquete,2.0,68,0.482,5,unidad,2.0,u,3
Yogur,3,litros,2.88,68,0.414,3,volumen,2880.0,ml,1
Perejil,3,litros,2.46,68,0.578,12,volumen,2460.0,ml,1
Leche,2,litros,2.78,67,0.542,9,volumen,2780.0,ml,1
Huevo,4,pieza,6.0,67,0.93,4,unidad,6.0,u,2
Café,2,pieza,12.0,67,0.637,15,unidad,12.0,u,3
Pan,1,paquete,3.0,67,0.336,12,unidad,3.0,u,3
Atún,4,pieza,1.0,67,0.838,8,unidad,1.0,u,2
Huevo,4,gramos,1000.0,67,0.296,6,masa,1000.0,g,0
Huevo,3,pieza,6.0,67,0.563,9,unidad,6.0,u,3
Queso,3,litros,0.73,67,0.205,11,volumen,730.0,ml,3
Atún,2,paquete,2.0,66,0.645,11,unidad,2.0,u,2
Mantequilla,3,litros,2.37,66,0.76,18,volumen,2370.0,ml,1
Mantequilla,2,litros,2.82,66,0.678,5,volumen,2820.0,ml,1
Plátano,2,litros,1.03,66,0.406,14,volumen,1030.0,ml,3
Yogur,2,litros,0.75,66,0.505,11,volumen,750.0,ml,3
Plátano,1,pieza,6.0,66,0.699,16,unidad,6.0,u,3
Perejil,2,paquete,5.0,65,0.538,3,unidad,5.0,u,2
Jengibre,3,litros,2.14,65,0.302,10,volumen,2140.0,ml,3
Atún,3,pieza,6.0,65,0.852,12,unidad,6.0,u,2
Queso,2,litros,2.17,65,0.662,17,volumen,2170.0,ml,1
Queso,4,litros,0.79,65,0.529,13,volumen,790.0,ml,3
Leche,4,litros,2.5,65,0.799,9,volumen,2500.0,ml,2
Limón,1,paquete,1.0,65,0.837,12,unidad,1.0,u,2
Champiñones,2,pieza,12.0,64,0.349,12,unidad,12.0,u,3
Pan,2,paquete,3.0,64,0.891,8,unidad,3.0,u,2
Queso,1,litros,1.56,64,0.603,11,volumen,1560.0,ml,3
Leche,4,litros,1.68,64,0.704,9,volumen,1680.0,ml,2
Ajo,3,pieza,1.0,63,0.482,14,unidad,1.0,u,3
Perejil,3,litros,2.35,63,0.925,6,volumen,2350.0,ml,2
Mantequilla,1,litros,1.89,63,0.774,6,volumen,1890.0,ml,2
Atún,2,paquete,3.0,63,0.659,1,unidad,3.0,u,2
Perejil,3,paquete,2.0,63,0.644,13,unidad,2.0,u,3
Huevo,2,pieza,1.0,63,0.772,11,unidad,1.0,u,2
Limón,2,pieza,12.0,63,0.792,3,unidad,12.0,u,2
Leche,4,litros,0.27,63,0.615,11,volumen,270.0,ml,2
Leche,3,litros,1.03,62,0.688,11,volumen,1030.0,ml,2
Plátano,1,paquete,3.0,62,0.415,8,unidad,3.0,u,3
Yogur,2,litros,2.91,62,0.776,7,volumen,2910.0,ml,1
Azúcar,4,litros,1.19,62,0.904,7,volumen,1190.0,ml,2
Yogur,3,litros,1.87,62,0.31,13,volumen,1870.0,ml,3
Pan,1,paquete,5.0,62,0.644,14,unidad,5.0,u,3
Mantequilla,2,litros,2.77,62,0.439,6,volumen,2770.0,ml,1
Yogur,1,litros,1.67,62,0.856,16,volumen,1670.0,ml,2
Queso,2,litros,2.03,61,0.822,9,volumen,2030.0,ml,2
Leche,3,litros,2.17,61,0.326,5,volumen,2170.0,ml,3
Pan,3,paquete,1.0,61,0.745,7,unidad,1.0,u,2
Azúcar,2,pieza,1.0,61,0.578,10,unidad,1.0,u,3
Pan,2,paquete,5.0,61,0.951,10,unidad,5.0,u,2
Champiñones,3,paquete,2.0,61,0.849,8,unidad,2.0,u,2
Mantequilla,4,litros,1.44,61,0.808,12,volumen,1440.0,ml,2
Queso,3,litros,1.71,60,0.678,5,volumen,1710.0,ml,2
Mantequilla,3,litros,1.48,60,0.775,5,volumen,1480.0,ml,2
Huevo,2,pieza,6.0,60,0.397,10,unidad,6.0,u,3
Champiñones,2,paquete,3.0,59,0.575,10,unidad,3.0,u,3
Yogur,4,litros,1.75,59,0.547,14,volumen,1750.0,ml,3
Perejil,3,litros,0.77,59,0.398,12,volumen,770.0,ml,3
Café,2,litros,2.54,59,0.74,14,volumen,2540.0,ml,1
Azúcar,3,paquete,3.0,59,0.44,7,unidad,3.0,u,3
Pan,3,paquete,2.0,59,0.392,7,unidad,2.0,u,3
Atún,2,pieza,6.0,59,0.895,8,unidad,6.0,u,2
Huevo,1,pieza,6.0,59,0.151,6,unidad,6.0,u,3
Ajo,3,litros,1.37,58,0.502,11,volumen,1370.0,ml,3
Jengibre,2,paquete,1.0,57,0.166,19,unidad,1.0,u,3
Huevo,1,paquete,3.0,57,0.548,5,unidad,3.0,u,2
Huevo,4,litros,1.27,57,0.637,14,volumen,1270.0,ml,3
Atún,4,paquete,3.0,56,0.532,4,unidad,3.0,u,2
Pan,1,paquete,1.0,56,0.609,11,unidad,1.0,u,3
Azúcar,3,litros,2.07,55,0.757,13,volumen,2070.0,ml,2
Queso,1,litros,0.92,55,0.823,11,volumen,920.0,ml,2
Leche,4,litros,0.34,54,0.883,11,volumen,340.0,ml,2
Café,3,pieza,12.0,52,0.579,10,unidad,12.0,u,3
Mantequilla,1,litros,1.11,51,0.576,20,volumen,1110.0,ml,3
Jengibre,1,paquete,2.0,49,0.59,7,unidad,2.0,u,2
Limón,2,paquete,2.0,49,0.728,7,unidad,2.0,u,2
Huevo,2,paquete,2.0,49,0.428,5,unidad,2.0,u,3
Pan,4,paquete,5.0,43,0.761,4,unidad,5.0,u,2
